produto_id,ingredientes,fornecedor
1,"Feijão preto, carne seca, costelinha, linguiça, arroz, farinha, couve, laranja",Distribuidora Central
2,"Picanha, alho, arroz, farofa, vinagrete",Carnes Boi Nobre
3,"Peixe, camarão, leite de coco, azeite de dendê, arroz, farinha",Mar & Terra Distribuidora
4,"Camarão, mandioca, leite de coco, azeite de dendê, arroz",Mar & Terra Distribuidora
5,"Bacalhau, batata, ovo, cebola, azeite",Importadora Lisboa
6,"Frango, batata, massa de trigo",Avícola São José
7,"Carne moída, massa de trigo",Carnes Boi Nobre
8,"Queijo, massa de trigo",Laticínios Vale do Sereno
9,"Palmito, massa de trigo, creme de leite",Conservas Sabor da Terra
10,"Camarão, arroz arbóreo, limão siciliano, alho-poró",Mar & Terra Distribuidora
11,"Carne seca, mandioca, queijo coalho","Carnes Boi Nobre e Laticínios Vale do Sereno"
12,"Tomate, muçarela de búfala, manjericão","Queijaria Bela Vista e Horta Santa Luzia"
13,"Linguiça, polenta, molho de tomate","Carnes Boi Nobre e Moinho Dourado"
14,"Frango, queijo, molho de tomate, arroz, batata","Avícola São José e Laticínios Vale do Sereno"
15,"Salmão, legumes, alcaparras","Pescados do Norte e Hortifruti Natural da Terra"
16,"Cachaça, limão, açúcar",Destilaria Nacional
17,Maracujá,Hortifruti Natural da Terra
18,"Malte, lúpulo",Cervejaria do Vale
19,"Maracujá, creme de leite, açúcar","Hortifruti Natural da Terra e Laticínios Vale do Sereno"
20,"Leite condensado, ovos, açúcar",Laticínios Vale do Sereno
