cliente_id,funcionario_id,produto_id,quantidade,data_pedido,status
1,4,1,2,2024-07-01,Concluído
3,4,2,1,2024-07-01,Concluído
6,7,3,1,2024-07-01,Concluído
8,7,4,3,2024-07-01,Concluído
10,8,5,2,2024-07-02,Pendente
15,8,6,4,2024-07-02,Concluído
22,4,7,3,2024-07-02,Concluído
18,4,8,2,2024-07-02,Concluído
4,7,9,5,2024-07-02,Concluído
6,7,10,1,2024-07-03,Concluído
9,8,11,3,2024-07-03,Concluído
11,8,12,1,2024-07-03,Concluído
24,4,13,2,2024-07-03,Concluído
27,4,14,1,2024-07-03,Concluído
17,7,15,2,2024-07-03,Concluído
7,7,16,3,2024-07-04,Concluído
13,8,17,2,2024-07-04,Concluído
25,8,18,4,2024-07-04,Concluído
22,4,19,1,2024-07-04,Concluído
2,4,20,2,2024-07-04,Concluído
8,7,2,1,2024-07-04,Concluído
11,7,3,2,2024-07-05,Concluído
18,8,4,3,2024-07-05,Concluído
22,8,5,1,2024-07-05,Concluído
19,4,6,4,2024-07-05,Concluído
28,4,7,3,2024-07-05,Concluído
1,7,8,2,2024-07-05,Concluído
7,7,9,5,2024-07-05,Concluído
19,8,10,1,2024-07-05,Concluído
15,8,11,3,2024-07-05,Concluído
24,4,12,1,2024-07-05,Concluído
12,4,13,2,2024-07-05,Concluído
4,7,14,1,2024-07-05,Concluído
9,7,15,2,2024-07-06,Concluído
18,8,16,3,2024-07-06,Concluído
5,8,17,2,2024-07-06,Pendente
22,4,18,4,2024-07-06,Concluído
14,4,19,1,2024-07-06,Pendente
19,7,20,2,2024-07-06,Concluído
8,7,1,2,2024-07-06,Pendente
7,8,2,1,2024-07-06,Concluído
4,8,3,2,2024-07-06,Pendente
21,4,4,3,2024-07-06,Concluído
4,4,5,1,2024-07-06,Pendente
13,7,6,4,2024-07-06,Concluído
25,7,7,3,2024-07-06,Pendente
7,8,8,2,2024-07-06,Concluído
7,8,8,2,2024-07-06,Concluído
12,4,10,1,2024-07-06,Concluído
10,4,11,3,2024-07-06,Pendente