nome,descricao,preco,categoria
Feijoada,"Feijoada completa com arroz, farofa, couve e laranja.",29.90,Prato Principal
Picanha na Chapa,"Picanha fatiada servida com alho, arroz, farofa e vinagrete.",42.00,Prato Principal
Moqueca Baiana,"Moqueca de peixe e camarão, acompanhada de arroz branco e pirão.",37.50,Prato Principal
Bobó de Camarão,"Camarão cozido em creme de mandioca e azeite de dendê, servido com arroz.",45.00,Prato Principal
Bacalhau à Brás,"Bacalhau desfiado, preparado com batata palha, ovos e cebola.",38.00,Prato Principal
Coxinha de Frango,"Massa de batata com recheio cremoso de frango, servida frita.",6.50,Aperitivo
Pastel de Carne,"Pastel frito com recheio de carne moída temperada.",5.00,Aperitivo
Pastel de Queijo,"Pastel frito com recheio de queijo derretido.",5.00,Aperitivo
Empada de Palmito,"Empada de massa podre recheada com creme de palmito.",6.00,Aperitivo
Risoto de Camarão,"Risoto de camarão com toque de limão siciliano e alho-poró.",36.00,Prato Principal
Escondidinho de Carne Seca,"Purê de mandioca com recheio de carne seca e queijo coalho.",32.00,Prato Principal
Salada Caprese,"Tomate, muçarela de búfala e manjericão, com azeite e vinagre balsâmico.",22.00,Entrada
Polenta Mole com Ragú de Linguiça,"Polenta cremosa servida com ragú de linguiça e molho de tomate.",28.00,Prato Principal
Frango à Parmegiana,"Peito de frango empanado coberto com queijo e molho de tomate, servido com arroz e fritas.",35.00,Prato Principal
Salmão Grelhado,"Salmão grelhado servido com legumes no vapor e molho de alcaparras.",42.00,Prato Principal
Caipirinha de Limão,"Tradicional caipirinha brasileira feita com cachaça, limão e açúcar.",15.00,Bebida
Suco de Maracujá,"Suco natural de maracujá.",8.00,Bebida
Chopp Gelado,"Chopp claro, servido bem gelado.",7.50,Bebida
Mousse de Maracujá,"Sobremesa leve e refrescante à base de maracujá.",12.00,Sobremesa
Pudim de Leite,"Pudim de leite condensado com calda de caramelo.",10.00,Sobremesa